session_id,total_pnl,ash_coated_osmium_pnl,intarian_pepper_root_pnl,ash_coated_osmium_position,intarian_pepper_root_position,ash_coated_osmium_cash,intarian_pepper_root_cash,total_slope_per_step,total_r2,ash_coated_osmium_slope_per_step,ash_coated_osmium_r2,intarian_pepper_root_slope_per_step,intarian_pepper_root_r2
0,3230.2578125,612.484375,2617.7734375,-48,76,481159.0,-992220.0,8.806587276430488,0.9968198848229635,1.0714666257435594,0.8873179447413969,7.7351206506869294,0.9964332745351714
1,2640.142578125,725.634765625,1914.5078125,-50,56,501175.0,-731125.0,7.278042732579092,0.9952278381648905,1.7094703076330262,0.9270037054651291,5.568572424946064,0.9992253709221602
