session_id,day,total_pnl,ash_coated_osmium_pnl,intarian_pepper_root_pnl,total_slope_per_step,total_r2,ash_coated_osmium_slope_per_step,ash_coated_osmium_r2,intarian_pepper_root_slope_per_step,intarian_pepper_root_r2
0,0,7194.765625,1428.875,5765.890625,9.800110189678701,0.9976481363769223,1.828566218607799,0.9463461552350247,7.971543971070903,0.9995967529467267
1,-1,7937.12109375,2104.68359375,5832.4375,10.874617246395966,0.9971544348651127,2.891638056735794,0.9641317182227727,7.982979189660173,0.9998275820367301
2,0,7654.806640625,1848.416015625,5806.390625,10.089449647741608,0.9977575425207992,2.1124450435657116,0.959763179011492,7.977004604175897,0.9995940997045297
3,1,7031.578125,1249.96875,5781.609375,9.2961738608048,0.9987363448381174,1.308792159070085,0.9433586122746577,7.987381701734715,0.9998471764634616
