session_id,total_pnl,ash_coated_osmium_pnl,intarian_pepper_root_pnl,ash_coated_osmium_position,intarian_pepper_root_position,ash_coated_osmium_cash,intarian_pepper_root_cash,total_slope_per_step,total_r2,ash_coated_osmium_slope_per_step,ash_coated_osmium_r2,intarian_pepper_root_slope_per_step,intarian_pepper_root_r2
0,14082.29296875,2716.40234375,11365.890625,-6,80,62762.0,-1044632.0,9.731199934713862,0.9994389789662901,1.7390033841959482,0.9843964503607975,7.992196550517911,0.9999378863160395
1,14808.28125,3340.0,11468.28125,0,80,3340.0,-1044530.0,10.45343806887699,0.9986056644745352,2.458827178831177,0.9755783614264134,7.994610890045814,0.9999791557021741
2,14505.0712890625,3100.6337890625,11404.4375,-15,80,152771.0,-1044594.0,10.244979459862401,0.9989210020204271,2.2528242460017487,0.9794054733127758,7.99215521386065,0.9999379766115601
3,13708.3671875,2325.4296875,11382.9375,33,80,-327829.0,-1044618.0,9.66321813357611,0.9985496515838881,1.6663155637791396,0.9540200074860226,7.996902569796974,0.9999765981278648
4,12984.2041015625,1611.2041015625,11373.0,35,80,-348183.0,-1044627.0,8.893843857366365,0.9979227908634427,0.9025469925000521,0.8348170992524415,7.991296864866315,0.9999314049291521
5,14228.857421875,2777.013671875,11451.84375,-2,80,22806.0,-1044548.0,9.95036710199649,0.9991902562037474,1.9525809104804055,0.9796730406766663,7.997786191516087,0.9999799188355832
