session_id,total_pnl,ash_coated_osmium_pnl,intarian_pepper_root_pnl,ash_coated_osmium_position,intarian_pepper_root_position,ash_coated_osmium_cash,intarian_pepper_root_cash,total_slope_per_step,total_r2,ash_coated_osmium_slope_per_step,ash_coated_osmium_r2,intarian_pepper_root_slope_per_step,intarian_pepper_root_r2
0,7232.482421875,1379.951171875,5852.53125,45,80,-448415.0,-1044547.0,9.776218900197073,0.9993001131467383,1.7865347321953824,0.9831043602886569,7.989684168001697,0.9998836509252222
1,7355.65625,1585.71875,5769.9375,-24,80,241601.0,-1044631.0,9.755259994974113,0.9989379165853156,1.772061442136256,0.9737026510413589,7.983198552837859,0.9997722957968198
2,7334.328125,1473.015625,5861.3125,-7,80,71481.0,-1044539.0,9.803620446704617,0.9991110519105381,1.813579166038613,0.9779859258625125,7.990041280666001,0.9998816881173853
3,7314.5869140625,1516.7119140625,5797.875,-31,80,311253.0,-1044604.0,10.17940951012472,0.9990028730478805,2.194383317235591,0.9832165734644729,7.9850261928891335,0.9997711898927298
