session_id,day,total_pnl,ash_coated_osmium_pnl,intarian_pepper_root_pnl,total_slope_per_step,total_r2,ash_coated_osmium_slope_per_step,ash_coated_osmium_r2,intarian_pepper_root_slope_per_step,intarian_pepper_root_r2
0,-1,6167.724609375,1520.09375,4647.630859375,8.232419900410427,0.9984615208502295,1.9396817161698567,0.975145220377946,6.292738184240571,0.9999017201683433
1,0,4757.22265625,1552.71875,3204.50390625,6.0332093500234585,0.9978447928253543,1.7328995215707552,0.97488739251966,4.300309828452703,0.999941175131418
2,0,6385.27734375,1450.015625,4935.26171875,8.47263161614193,0.9988757411062993,1.780980119008853,0.977584814838716,6.691651497133076,0.9998941074877173
3,0,5321.46875,1597.2734375,3724.1953125,7.436890400223953,0.9977797483083723,2.3401886202249864,0.978928784981186,5.096701779998966,0.9999095622363277
