session_id,day,total_pnl,ash_coated_osmium_pnl,intarian_pepper_root_pnl,total_slope_per_step,total_r2,ash_coated_osmium_slope_per_step,ash_coated_osmium_r2,intarian_pepper_root_slope_per_step,intarian_pepper_root_r2
0,0,14106.29296875,2740.40234375,11365.890625,9.743948087935262,0.9994319789330868,1.7517515374173491,0.9843376644638493,7.992196550517911,0.9999378863160395
1,-1,14808.28125,3340.0,11468.28125,10.45343806887699,0.9986056644745352,2.458827178831177,0.9755783614264134,7.994610890045814,0.9999791557021741
2,0,14511.0712890625,3106.6337890625,11404.4375,10.250978171861826,0.9989077308663233,2.2588229580011756,0.9792296609189083,7.99215521386065,0.9999379766115601
3,1,13715.3671875,2332.4296875,11382.9375,9.669911393439788,0.9985294180497656,1.67300882364281,0.9536997174007397,7.996902569796974,0.9999765981278648
4,-1,13011.2041015625,1638.2041015625,11373.0,8.952637380392657,0.9980201482891812,0.9613405155263403,0.8562084713335745,7.991296864866315,0.9999314049291521
5,1,14228.857421875,2777.013671875,11451.84375,9.95036710199649,0.9991902562037474,1.9525809104804055,0.9796730406766663,7.997786191516087,0.9999799188355832
