session_id,day,total_pnl,ash_coated_osmium_pnl,intarian_pepper_root_pnl,total_slope_per_step,total_r2,ash_coated_osmium_slope_per_step,ash_coated_osmium_r2,intarian_pepper_root_slope_per_step,intarian_pepper_root_r2
0,-1,7403.625,1551.09375,5852.53125,9.96828612857818,0.9987809323884513,1.978601960576489,0.9734277864769136,7.989684168001697,0.9998836509252222
1,0,7355.65625,1585.71875,5769.9375,9.755259994974113,0.9989379165853156,1.772061442136256,0.9737026510413589,7.983198552837859,0.9997722957968198
2,0,7334.328125,1473.015625,5861.3125,9.803620446704617,0.9991110519105381,1.813579166038613,0.9779859258625125,7.990041280666001,0.9998816881173853
3,0,7409.1484375,1611.2734375,5797.875,10.334574757426532,0.9986838804167282,2.349548564537399,0.9792957091834267,7.9850261928891335,0.9997711898927298
