session_id,total_pnl,ash_coated_osmium_pnl,intarian_pepper_root_pnl,ash_coated_osmium_position,intarian_pepper_root_position,ash_coated_osmium_cash,intarian_pepper_root_cash,total_slope_per_step,total_r2,ash_coated_osmium_slope_per_step,ash_coated_osmium_r2,intarian_pepper_root_slope_per_step,intarian_pepper_root_r2
0,3178.140625,612.484375,2565.65625,-48,80,481159.0,-1044632.0,8.965172992902495,0.9965747239072109,1.0714666257435594,0.8873179447413969,7.893706367158935,0.9968354696064797
1,3358.931640625,725.634765625,2633.296875,-50,80,501175.0,-1044566.0,9.649264503673411,0.9966265542209747,1.7094703076330262,0.9270037054651291,7.939794196040386,0.9986419519613627
