session_id,day,total_pnl,ash_coated_osmium_pnl,intarian_pepper_root_pnl,total_slope_per_step,total_r2,ash_coated_osmium_slope_per_step,ash_coated_osmium_r2,intarian_pepper_root_slope_per_step,intarian_pepper_root_r2
0,0,5214.697265625,1048.494140625,4166.203125,9.38386785579613,0.9978613648308576,1.433188883206967,0.9403157258081392,7.9506789725891585,0.9990516406960173
1,-1,5761.625,1492.875,4268.75,10.469287157931992,0.9963984362809375,2.4922591096010422,0.9455262267015424,7.977028048330951,0.9996789795539871
2,0,5368.029296875,1161.169921875,4206.859375,9.726351677175883,0.9970673681888828,1.7674693089696516,0.9393802318774218,7.958882368206231,0.9990430012844965
