session_id,total_pnl,ash_coated_osmium_pnl,intarian_pepper_root_pnl,ash_coated_osmium_position,intarian_pepper_root_position,ash_coated_osmium_cash,intarian_pepper_root_cash,total_slope_per_step,total_r2,ash_coated_osmium_slope_per_step,ash_coated_osmium_r2,intarian_pepper_root_slope_per_step,intarian_pepper_root_r2
0,5590.771484375,1520.09375,4070.677734375,16,55,-158407.0,-718079.0,7.4346267460827455,0.9981704301809914,1.9396817161698567,0.975145220377946,5.494945029912888,0.9999272009638004
1,4764.22265625,1552.71875,3211.50390625,-24,43,241568.0,-561379.0,6.033921300354632,0.9978460082947648,1.7328995215707552,0.97488739251966,4.301021778783877,0.9999411425781346
2,4979.203125,1450.015625,3529.1875,-7,48,71458.0,-626711.0,6.576767947769743,0.9982530248134032,1.780980119008853,0.977584814838716,4.795787828760889,0.9999368786131102
3,4372.1640625,1597.2734375,2774.890625,-40,38,401257.0,-496166.0,6.138987051468263,0.9968242786309319,2.3401886202249864,0.978928784981186,3.7987984312432763,0.9999451989563083
