{"day": 0, "products": {"ASH_COATED_OSMIUM": {"liq_total": 49, "rev_total": 407, "imb_mean": 0.007108007667308584, "imb_std": 0.24510837002946387, "dev_mean": -0.1556, "dev_std": 2.635685610993973, "dev_abs_max": 3.0}, "INTARIAN_PEPPER_ROOT": {"liq_total": 0, "rev_total": 356, "imb_mean": -0.0011039091285202864, "imb_std": 0.20897871977747773, "dev_mean": 0.01355325891577213, "dev_std": 2.7071919952743086, "dev_abs_max": 43.453017030387855}}}