{"day": 1, "products": {"ASH_COATED_OSMIUM": {"liq_total": 44, "rev_total": 399, "imb_mean": -0.00011476870701099085, "imb_std": 0.2447102332185541, "dev_mean": -0.0032, "dev_std": 2.5007678340859405, "dev_abs_max": 3.0}, "INTARIAN_PEPPER_ROOT": {"liq_total": 0, "rev_total": 354, "imb_mean": -0.0017104962041987759, "imb_std": 0.20612194013301333, "dev_mean": -0.043831014334639984, "dev_std": 2.752647052148166, "dev_abs_max": 26.13555125986568}}}