{"day": 2, "products": {"ASH_COATED_OSMIUM": {"liq_total": 50, "rev_total": 419, "imb_mean": 0.004330432785001216, "imb_std": 0.24533726321856814, "dev_mean": -0.0435, "dev_std": 2.4996215213509867, "dev_abs_max": 2.5}, "INTARIAN_PEPPER_ROOT": {"liq_total": 0, "rev_total": 315, "imb_mean": 0.00034959140861716176, "imb_std": 0.20703208866998693, "dev_mean": 0.020334712414947716, "dev_std": 2.778306171530726, "dev_abs_max": 29.98212262061861}}}