{"day": 3, "products": {"ASH_COATED_OSMIUM": {"liq_total": 57, "rev_total": 436, "imb_mean": 0.001086215494818854, "imb_std": 0.24543293239383435, "dev_mean": 0.03, "dev_std": 2.4998199935194934, "dev_abs_max": 2.5}, "INTARIAN_PEPPER_ROOT": {"liq_total": 0, "rev_total": 338, "imb_mean": 0.004952533042762191, "imb_std": 0.2066182935345561, "dev_mean": -0.03169956083546349, "dev_std": 2.7720950852568675, "dev_abs_max": 34.40791418776644}}}