{"day": 4, "products": {"ASH_COATED_OSMIUM": {"liq_total": 46, "rev_total": 403, "imb_mean": 0.0015531761025563316, "imb_std": 0.24506473511336835, "dev_mean": 0.0555, "dev_std": 2.499383874077856, "dev_abs_max": 2.5}, "INTARIAN_PEPPER_ROOT": {"liq_total": 0, "rev_total": 301, "imb_mean": -0.0020711811504343976, "imb_std": 0.20917231862267086, "dev_mean": 0.016116165914123848, "dev_std": 2.7245661764110256, "dev_abs_max": 17.808822010956646}}}