session_id,day,total_pnl,ash_coated_osmium_pnl,intarian_pepper_root_pnl,total_slope_per_step,total_r2,ash_coated_osmium_slope_per_step,ash_coated_osmium_r2,intarian_pepper_root_slope_per_step,intarian_pepper_root_r2
0,0,3258.140625,612.484375,2645.65625,8.958913305921785,0.9969815999256976,1.0714666257435594,0.8873179447413969,7.8874466801782255,0.9974811054100261
1,-1,2761.0634765625,725.634765625,2035.4287109375,7.466550579301715,0.9962085371271753,1.7094703076330262,0.9270037054651291,5.75708027166869,0.9983512245852864
