session_id,day,total_pnl,ash_coated_osmium_pnl,intarian_pepper_root_pnl,total_slope_per_step,total_r2,ash_coated_osmium_slope_per_step,ash_coated_osmium_r2,intarian_pepper_root_slope_per_step,intarian_pepper_root_r2
0,0,5237.697265625,1071.494140625,4166.203125,9.398446257402798,0.9978198513319213,1.4477672848136385,0.9388669004492416,7.9506789725891585,0.9990516406960173
1,-1,5761.625,1492.875,4268.75,10.469287157931992,0.9963984362809375,2.4922591096010422,0.9455262267015424,7.977028048330951,0.9996789795539871
2,0,5376.029296875,1169.169921875,4206.859375,9.74622573238159,0.9970750927689377,1.7873433641753607,0.9406936692111385,7.958882368206231,0.9990430012844965
