session_id,day,total_pnl,ash_coated_osmium_pnl,intarian_pepper_root_pnl,total_slope_per_step,total_r2,ash_coated_osmium_slope_per_step,ash_coated_osmium_r2,intarian_pepper_root_slope_per_step,intarian_pepper_root_r2
0,0,3178.140625,612.484375,2565.65625,8.965172992902495,0.9965747239072109,1.0714666257435594,0.8873179447413969,7.893706367158935,0.9968354696064797
1,-1,3394.931640625,725.634765625,2669.296875,9.659848569823826,0.9968168090327041,1.7094703076330262,0.9270037054651291,7.950378262190799,0.9989261942970731
