session_id,day,total_pnl,ash_coated_osmium_pnl,intarian_pepper_root_pnl,total_slope_per_step,total_r2,ash_coated_osmium_slope_per_step,ash_coated_osmium_r2,intarian_pepper_root_slope_per_step,intarian_pepper_root_r2
0,0,7233.765625,1428.875,5804.890625,9.800175231726742,0.9976709663917106,1.828566218607799,0.9463461552350247,7.971609013118941,0.9996339014563635
1,-1,7973.12109375,2104.68359375,5868.4375,10.877290250572534,0.9971987828837928,2.891638056735794,0.9641317182227727,7.9856521938367395,0.9998639743008843
2,0,7683.806640625,1848.416015625,5835.390625,10.08953520008323,0.9977852107911144,2.1124450435657116,0.959763179011492,7.977090156517516,0.999637352662952
3,1,7031.578125,1249.96875,5781.609375,9.2961738608048,0.9987363448381174,1.308792159070085,0.9433586122746577,7.987381701734715,0.9998471764634616
