session_id,total_pnl,ash_coated_osmium_pnl,intarian_pepper_root_pnl,ash_coated_osmium_position,intarian_pepper_root_position,ash_coated_osmium_cash,intarian_pepper_root_cash,total_slope_per_step,total_r2,ash_coated_osmium_slope_per_step,ash_coated_osmium_r2,intarian_pepper_root_slope_per_step,intarian_pepper_root_r2
0,7194.765625,1428.875,5765.890625,-32,80,321666.0,-1044632.0,9.800110189678701,0.9976481363769223,1.828566218607799,0.9463461552350247,7.971543971070903,0.9995967529467267
1,7973.12109375,2104.68359375,5868.4375,-45,80,452024.0,-1044530.0,10.877290250572534,0.9971987828837928,2.891638056735794,0.9641317182227727,7.9856521938367395,0.9998639743008843
2,7654.806640625,1848.416015625,5806.390625,-53,80,531262.0,-1044594.0,10.089449647741608,0.9977575425207992,2.1124450435657116,0.959763179011492,7.977004604175897,0.9995940997045297
3,7031.578125,1249.96875,5781.609375,14,80,-138934.0,-1044618.0,9.2961738608048,0.9987363448381174,1.308792159070085,0.9433586122746577,7.987381701734715,0.9998471764634616
