session_id,day,total_pnl,ash_coated_osmium_pnl,intarian_pepper_root_pnl,total_slope_per_step,total_r2,ash_coated_osmium_slope_per_step,ash_coated_osmium_r2,intarian_pepper_root_slope_per_step,intarian_pepper_root_r2
0,0,5252.697265625,1086.494140625,4166.203125,9.434879275272293,0.9978361180892749,1.4842003026831325,0.9419591895645791,7.9506789725891585,0.9990516406960173
1,-1,5772.625,1503.875,4268.75,10.47964538114928,0.9964212282568032,2.502617332818329,0.9460794082215542,7.977028048330951,0.9996789795539871
2,0,5386.029296875,1179.169921875,4206.859375,9.749292129788252,0.9971135876781679,1.7904097615820203,0.9411788282172974,7.958882368206231,0.9990430012844965
