session_id,day,total_pnl,ash_coated_osmium_pnl,intarian_pepper_root_pnl,total_slope_per_step,total_r2,ash_coated_osmium_slope_per_step,ash_coated_osmium_r2,intarian_pepper_root_slope_per_step,intarian_pepper_root_r2
0,0,14077.29296875,2711.40234375,11365.890625,9.728121933345859,0.9994427952778565,1.7359253828279488,0.9844597755807913,7.992196550517911,0.9999378863160395
1,-1,14792.28125,3324.0,11468.28125,10.438113930510704,0.998587070255185,2.4435030404648934,0.9750199029793757,7.994610890045814,0.9999791557021741
2,0,14490.0712890625,3085.6337890625,11404.4375,10.23772177663676,0.9989185244624228,2.2455665627761117,0.9792477994908192,7.99215521386065,0.9999379766115601
3,1,13624.3671875,2241.4296875,11382.9375,9.659916305587805,0.998349220997235,1.663013735790827,0.9477842525856722,7.996902569796974,0.9999765981278648
4,-1,12939.7236328125,1566.7236328125,11373.0,8.880094822582072,0.9979597782502416,0.8887979577157591,0.8334582863350489,7.991296864866315,0.9999314049291521
5,1,14214.857421875,2763.013671875,11451.84375,9.943622633221173,0.9991794922918523,1.9458364417050853,0.9792998213962572,7.997786191516087,0.9999799188355832
